{
  "train_loss": [
    0.7168208455497568,
    0.6972932476889003,
    0.6377175125208768,
    0.5491888441822745,
    0.4689197377725081,
    0.33757772465998476,
    0.27178047360344365,
    0.22812389167533678,
    0.20613447898490864,
    0.18008253956213593,
    0.15591447019356897,
    0.16283774678595364,
    0.11225535115227103,
    0.10238569052043286,
    0.10740616529206322,
    0.07835682831831615,
    0.07526380644941871,
    0.08728184891250831,
    0.060503695900975304,
    0.07754402363207191,
    0.06899728877893226,
    0.06712577262342992,
    0.05771448153642599,
    0.05622154400175945,
    0.02971967558683404,
    0.02356310881441459,
    0.04675292396198281,
    0.03232263267008503,
    0.03362037209709259,
    0.026585963533513925
  ],
  "train_acc": [
    0.48428571428571426,
    0.5257142857142857,
    0.6442857142857142,
    0.7271428571428571,
    0.7671428571428571,
    0.8557142857142858,
    0.8885714285714286,
    0.9085714285714286,
    0.9085714285714286,
    0.9342857142857143,
    0.9428571428571428,
    0.93,
    0.9542857142857143,
    0.9614285714285714,
    0.9557142857142857,
    0.97,
    0.9742857142857143,
    0.9642857142857143,
    0.9771428571428571,
    0.9685714285714285,
    0.9728571428571429,
    0.9657142857142857,
    0.9785714285714285,
    0.98,
    0.9857142857142858,
    0.9928571428571429,
    0.98,
    0.9885714285714285,
    0.9885714285714285,
    0.9914285714285714
  ],
  "val_loss": [
    0.7213975846767425,
    0.7031201004981995,
    0.6733194649219513,
    0.7160323202610016,
    0.7533451169729233,
    0.8064835369586945,
    0.7919032156467438,
    1.0815290570259095,
    1.0606542885303498,
    1.2714634597301484,
    1.253898698091507,
    1.3459383606910706,
    1.4357863545417786,
    1.3571374803781509,
    1.6500573873519897,
    1.4834038257598876,
    1.638654762506485,
    1.703149026632309,
    1.5801851212978364,
    1.653335177898407,
    1.8111942380666732,
    1.8046156227588654,
    1.7442867845296859,
    1.7249314352869987,
    1.8347520112991333,
    1.8456915259361266,
    1.7859116688370704,
    1.7185786962509155,
    1.8089094579219818,
    1.9282279670238496
  ],
  "val_acc": [
    0.44,
    0.5066666666666667,
    0.5933333333333334,
    0.6,
    0.6066666666666667,
    0.66,
    0.6333333333333333,
    0.64,
    0.6466666666666666,
    0.6333333333333333,
    0.6666666666666666,
    0.62,
    0.64,
    0.66,
    0.6266666666666667,
    0.6533333333333333,
    0.64,
    0.6333333333333333,
    0.6666666666666666,
    0.66,
    0.64,
    0.64,
    0.6666666666666666,
    0.6666666666666666,
    0.6466666666666666,
    0.6333333333333333,
    0.64,
    0.6533333333333333,
    0.6533333333333333,
    0.6266666666666667
  ]
}