{
  "train_loss": [
    0.6995480101216923,
    0.6831471865827387,
    0.5947618274526163,
    0.46629029512405396,
    0.3890322274105115,
    0.28929862447760324,
    0.26252925607629796,
    0.21014673770828682,
    0.17921989114785736,
    0.19130089857869528,
    0.14166404764083299,
    0.1371480611745607,
    0.11592117489569566,
    0.08399152997034517,
    0.0654415329600769,
    0.061203559056263075,
    0.05529461277183145,
    0.08246255864981901,
    0.08003789333584295,
    0.041824516612740066,
    0.03413628513755446,
    0.04688011575490236,
    0.030473396166185426,
    0.05789556342642754,
    0.06926026534479619,
    0.05147336276819591,
    0.045528144779382274,
    0.049675262609856545,
    0.04722479021769355,
    0.0621331799748904
  ],
  "train_acc": [
    0.4442857142857143,
    0.5871428571428572,
    0.7057142857142857,
    0.7914285714285715,
    0.8342857142857143,
    0.8785714285714286,
    0.9028571428571428,
    0.9157142857142857,
    0.93,
    0.9228571428571428,
    0.9442857142857143,
    0.9557142857142857,
    0.9542857142857143,
    0.9657142857142857,
    0.9757142857142858,
    0.9771428571428571,
    0.9771428571428571,
    0.9685714285714285,
    0.9771428571428571,
    0.9885714285714285,
    0.9842857142857143,
    0.9828571428571429,
    0.9885714285714285,
    0.9814285714285714,
    0.9742857142857143,
    0.9814285714285714,
    0.9885714285714285,
    0.9842857142857143,
    0.98,
    0.9785714285714285
  ],
  "val_loss": [
    0.6991511166095734,
    0.6851011574268341,
    0.6101124227046967,
    0.665614303946495,
    0.6283517181873322,
    0.6933907300233841,
    0.7345510631799698,
    0.8539746791124344,
    0.9295049250125885,
    0.9469397485256195,
    0.9193666189908981,
    0.9896902536973358,
    1.0561074435710907,
    1.1678776830434798,
    1.1877409148961307,
    1.2665425062179565,
    1.3420903205871582,
    1.3224893301725387,
    1.4177658349275588,
    1.4706446349620819,
    1.4384671211242677,
    1.3760930448770523,
    1.4190394677221776,
    1.391761445812881,
    1.3458257339894772,
    1.418188767042011,
    1.4906078398227691,
    1.4017519384622574,
    1.5243022114038467,
    1.4388754203915597
  ],
  "val_acc": [
    0.41333333333333333,
    0.5266666666666666,
    0.68,
    0.6466666666666666,
    0.6733333333333333,
    0.68,
    0.7,
    0.6866666666666666,
    0.6933333333333334,
    0.7,
    0.7133333333333334,
    0.7066666666666667,
    0.7133333333333334,
    0.7,
    0.68,
    0.7,
    0.7066666666666667,
    0.6866666666666666,
    0.7,
    0.6733333333333333,
    0.68,
    0.6933333333333334,
    0.6866666666666666,
    0.7,
    0.7066666666666667,
    0.7,
    0.7,
    0.6866666666666666,
    0.7,
    0.7133333333333334
  ]
}